Trial,MSE,MAE,R2,Units,Dropout,Learning_Rate,Weight_Decay,Epochs,Activation,Optimizer,Patience
1,0.4289921820163727,0.5102630853652954,0.6618945598602295,"[24, 16, 16, 8]",0.2,0.001,0.0001,250,relu,adam,15
2,0.2565518617630005,0.38334545493125916,0.7978014945983887,"[24, 16, 16, 8]",0.2,0.001,1e-05,250,relu,adam,15
3,8.138606071472168,2.6793415546417236,-5.4143524169921875,"[24, 16, 16, 8]",0.2,0.0001,0.0001,250,relu,adam,15
4,5.973837375640869,2.243211507797241,-3.7082138061523438,"[24, 16, 16, 8]",0.2,0.0001,1e-05,250,relu,adam,15
5,0.2500637471675873,0.38781601190567017,0.8029149770736694,"[24, 16, 16, 8]",0.3,0.001,0.0001,250,relu,adam,15
6,0.43349942564964294,0.570192813873291,0.6583422422409058,"[24, 16, 16, 8]",0.3,0.001,1e-05,250,relu,adam,15
7,7.085812568664551,2.4564568996429443,-4.5846052169799805,"[24, 16, 16, 8]",0.3,0.0001,0.0001,250,relu,adam,15
8,5.9351043701171875,2.2424280643463135,-3.677687168121338,"[24, 16, 16, 8]",0.3,0.0001,1e-05,250,relu,adam,15
9,0.5320812463760376,0.5841608047485352,0.5806460380554199,"[24, 16, 16, 8]",0.2,0.001,0.0001,250,relu,sgd,15
10,0.6324586272239685,0.6875896453857422,0.5015347003936768,"[24, 16, 16, 8]",0.2,0.001,1e-05,250,relu,sgd,15
11,0.24688974022865295,0.41494932770729065,0.8054165840148926,"[24, 16, 16, 8]",0.2,0.0001,0.0001,250,relu,sgd,15
12,0.5882135033607483,0.6461518406867981,0.5364060401916504,"[24, 16, 16, 8]",0.2,0.0001,1e-05,250,relu,sgd,15
13,0.6485644578933716,0.7212897539138794,0.48884105682373047,"[24, 16, 16, 8]",0.3,0.001,0.0001,250,relu,sgd,15
14,0.8037220239639282,0.7808260321617126,0.3665553331375122,"[24, 16, 16, 8]",0.3,0.001,1e-05,250,relu,sgd,15
15,0.5951880216598511,0.6364659667015076,0.5309091806411743,"[24, 16, 16, 8]",0.3,0.0001,0.0001,250,relu,sgd,15
16,0.5280100703239441,0.5835079550743103,0.5838546752929688,"[24, 16, 16, 8]",0.3,0.0001,1e-05,250,relu,sgd,15
17,0.7751138806343079,0.7741782069206238,0.389102578163147,"[24, 16, 16, 8]",0.2,0.001,0.0001,250,tanh,adam,15
18,0.2945554852485657,0.45027464628219604,0.767849326133728,"[24, 16, 16, 8]",0.2,0.001,1e-05,250,tanh,adam,15
19,5.648362159729004,2.303422689437866,-3.4516944885253906,"[24, 16, 16, 8]",0.2,0.0001,0.0001,250,tanh,adam,15
20,4.118154525756836,1.9133026599884033,-2.245677947998047,"[24, 16, 16, 8]",0.2,0.0001,1e-05,250,tanh,adam,15
21,0.5467285513877869,0.6373729705810547,0.5691019296646118,"[24, 16, 16, 8]",0.3,0.001,0.0001,250,tanh,adam,15
22,0.509965181350708,0.6120826005935669,0.598076581954956,"[24, 16, 16, 8]",0.3,0.001,1e-05,250,tanh,adam,15
23,5.502721309661865,2.2470498085021973,-3.336909294128418,"[24, 16, 16, 8]",0.3,0.0001,0.0001,250,tanh,adam,15
24,5.066296100616455,2.173491954803467,-2.992945432662964,"[24, 16, 16, 8]",0.3,0.0001,1e-05,250,tanh,adam,15
25,0.8208076357841492,0.727390706539154,0.35308951139450073,"[24, 16, 16, 8]",0.2,0.001,0.0001,250,tanh,sgd,15
26,0.618806779384613,0.634663462638855,0.5122942924499512,"[24, 16, 16, 8]",0.2,0.001,1e-05,250,tanh,sgd,15
27,0.4637913107872009,0.5653940439224243,0.6344679594039917,"[24, 16, 16, 8]",0.2,0.0001,0.0001,250,tanh,sgd,15
28,0.5256687998771667,0.6390069723129272,0.5856999158859253,"[24, 16, 16, 8]",0.2,0.0001,1e-05,250,tanh,sgd,15
29,0.9538122415542603,0.8461941480636597,0.248263418674469,"[24, 16, 16, 8]",0.3,0.001,0.0001,250,tanh,sgd,15
30,0.8893688917160034,0.8096628189086914,0.29905372858047485,"[24, 16, 16, 8]",0.3,0.001,1e-05,250,tanh,sgd,15
31,0.35306882858276367,0.500327467918396,0.7217327356338501,"[24, 16, 16, 8]",0.3,0.0001,0.0001,250,tanh,sgd,15
32,0.29994139075279236,0.4550997316837311,0.7636045217514038,"[24, 16, 16, 8]",0.3,0.0001,1e-05,250,tanh,sgd,15
33,0.34776800870895386,0.4377945065498352,0.725910484790802,"[24, 16, 16, 8]",0.2,0.001,0.0001,350,relu,adam,15
34,0.24482478201389313,0.37848612666130066,0.8070440292358398,"[24, 16, 16, 8]",0.2,0.001,1e-05,350,relu,adam,15
35,6.4089131355285645,2.3337998390197754,-4.051114082336426,"[24, 16, 16, 8]",0.2,0.0001,0.0001,350,relu,adam,15
36,5.596081733703613,2.175147294998169,-3.410490036010742,"[24, 16, 16, 8]",0.2,0.0001,1e-05,350,relu,adam,15
37,0.28002703189849854,0.4691060185432434,0.779299795627594,"[24, 16, 16, 8]",0.3,0.001,0.0001,350,relu,adam,15
38,0.3909207880496979,0.5170277953147888,0.6919001340866089,"[24, 16, 16, 8]",0.3,0.001,1e-05,350,relu,adam,15
39,6.218947887420654,2.322777032852173,-3.901395320892334,"[24, 16, 16, 8]",0.3,0.0001,0.0001,350,relu,adam,15
40,6.194324493408203,2.3043463230133057,-3.881988525390625,"[24, 16, 16, 8]",0.3,0.0001,1e-05,350,relu,adam,15
41,0.5541917085647583,0.6233110427856445,0.5632199048995972,"[24, 16, 16, 8]",0.2,0.001,0.0001,350,relu,sgd,15
42,0.4976549744606018,0.6084908246994019,0.6077787280082703,"[24, 16, 16, 8]",0.2,0.001,1e-05,350,relu,sgd,15
43,0.4180145263671875,0.47245368361473083,0.6705464720726013,"[24, 16, 16, 8]",0.2,0.0001,0.0001,350,relu,sgd,15
44,0.849044144153595,0.6893811821937561,0.330835223197937,"[24, 16, 16, 8]",0.2,0.0001,1e-05,350,relu,sgd,15
45,0.7644079923629761,0.7333487272262573,0.39754027128219604,"[24, 16, 16, 8]",0.3,0.001,0.0001,350,relu,sgd,15
46,0.7694171071052551,0.8071333169937134,0.3935924172401428,"[24, 16, 16, 8]",0.3,0.001,1e-05,350,relu,sgd,15
47,0.6004434823989868,0.5770627856254578,0.5267670750617981,"[24, 16, 16, 8]",0.3,0.0001,0.0001,350,relu,sgd,15
48,0.4577885568141937,0.5307663083076477,0.6391990184783936,"[24, 16, 16, 8]",0.3,0.0001,1e-05,350,relu,sgd,15
49,0.6496151685714722,0.6552498936653137,0.48801296949386597,"[24, 16, 16, 8]",0.2,0.001,0.0001,350,tanh,adam,15
50,0.704855740070343,0.6874564290046692,0.44447576999664307,"[24, 16, 16, 8]",0.2,0.001,1e-05,350,tanh,adam,15
51,6.735224723815918,2.498997211456299,-4.308292865753174,"[24, 16, 16, 8]",0.2,0.0001,0.0001,350,tanh,adam,15
52,4.285703659057617,1.9899003505706787,-2.377730131149292,"[24, 16, 16, 8]",0.2,0.0001,1e-05,350,tanh,adam,15
53,0.5303433537483215,0.6234660744667053,0.5820157527923584,"[24, 16, 16, 8]",0.3,0.001,0.0001,350,tanh,adam,15
54,0.4537010192871094,0.5910701751708984,0.6424205303192139,"[24, 16, 16, 8]",0.3,0.001,1e-05,350,tanh,adam,15
55,6.859137535095215,2.5451648235321045,-4.405953407287598,"[24, 16, 16, 8]",0.3,0.0001,0.0001,350,tanh,adam,15
56,4.2569146156311035,1.9586284160614014,-2.3550400733947754,"[24, 16, 16, 8]",0.3,0.0001,1e-05,350,tanh,adam,15
57,0.6741238236427307,0.6986426115036011,0.4686967134475708,"[24, 16, 16, 8]",0.2,0.001,0.0001,350,tanh,sgd,15
58,0.7086907029151917,0.6879947781562805,0.441453218460083,"[24, 16, 16, 8]",0.2,0.001,1e-05,350,tanh,sgd,15
59,0.4478786289691925,0.5321887135505676,0.6470093727111816,"[24, 16, 16, 8]",0.2,0.0001,0.0001,350,tanh,sgd,15
60,0.30683985352516174,0.43102291226387024,0.758167564868927,"[24, 16, 16, 8]",0.2,0.0001,1e-05,350,tanh,sgd,15
61,0.7169028520584106,0.7290401458740234,0.43498092889785767,"[24, 16, 16, 8]",0.3,0.001,0.0001,350,tanh,sgd,15
62,0.637548565864563,0.6700280904769897,0.49752312898635864,"[24, 16, 16, 8]",0.3,0.001,1e-05,350,tanh,sgd,15
63,0.5694095492362976,0.6519993543624878,0.5512261390686035,"[24, 16, 16, 8]",0.3,0.0001,0.0001,350,tanh,sgd,15
64,0.3407321870326996,0.48859164118766785,0.7314556837081909,"[24, 16, 16, 8]",0.3,0.0001,1e-05,350,tanh,sgd,15
65,0.32472899556159973,0.45557063817977905,0.7440683841705322,"[24, 16, 16, 8]",0.2,0.001,0.0001,450,relu,adam,15
66,0.40646401047706604,0.5397680997848511,0.6796498894691467,"[24, 16, 16, 8]",0.2,0.001,1e-05,450,relu,adam,15
67,5.4107890129089355,2.080923080444336,-3.264453411102295,"[24, 16, 16, 8]",0.2,0.0001,0.0001,450,relu,adam,15
68,8.175248146057129,2.655014753341675,-5.443231582641602,"[24, 16, 16, 8]",0.2,0.0001,1e-05,450,relu,adam,15
69,0.5763607621192932,0.6128396987915039,0.5457476377487183,"[24, 16, 16, 8]",0.3,0.001,0.0001,450,relu,adam,15
70,0.3508234918117523,0.44268330931663513,0.7235023379325867,"[24, 16, 16, 8]",0.3,0.001,1e-05,450,relu,adam,15
71,8.229852676391602,2.6866774559020996,-5.486268043518066,"[24, 16, 16, 8]",0.3,0.0001,0.0001,450,relu,adam,15
72,7.902557373046875,2.635998010635376,-5.228313446044922,"[24, 16, 16, 8]",0.3,0.0001,1e-05,450,relu,adam,15
73,0.67868572473526,0.7052121162414551,0.46510130167007446,"[24, 16, 16, 8]",0.2,0.001,0.0001,450,relu,sgd,15
74,0.576248824596405,0.6703972220420837,0.5458358526229858,"[24, 16, 16, 8]",0.2,0.001,1e-05,450,relu,sgd,15
75,0.6505392789840698,0.6227445602416992,0.48728466033935547,"[24, 16, 16, 8]",0.2,0.0001,0.0001,450,relu,sgd,15
76,0.5857154726982117,0.560073971748352,0.5383747816085815,"[24, 16, 16, 8]",0.2,0.0001,1e-05,450,relu,sgd,15
77,0.7680884003639221,0.7808524370193481,0.39463961124420166,"[24, 16, 16, 8]",0.3,0.001,0.0001,450,relu,sgd,15
78,0.4669473469257355,0.6047882437705994,0.6319805979728699,"[24, 16, 16, 8]",0.3,0.001,1e-05,450,relu,sgd,15
79,0.6020938754081726,0.6358099579811096,0.5254663228988647,"[24, 16, 16, 8]",0.3,0.0001,0.0001,450,relu,sgd,15
80,0.40781310200691223,0.5337482690811157,0.6785866022109985,"[24, 16, 16, 8]",0.3,0.0001,1e-05,450,relu,sgd,15
81,0.795694887638092,0.7592936754226685,0.37288182973861694,"[24, 16, 16, 8]",0.2,0.001,0.0001,450,tanh,adam,15
82,0.5921211838722229,0.6376275420188904,0.5333262085914612,"[24, 16, 16, 8]",0.2,0.001,1e-05,450,tanh,adam,15
83,5.429637908935547,2.2365458011627197,-3.2793092727661133,"[24, 16, 16, 8]",0.2,0.0001,0.0001,450,tanh,adam,15
84,4.885497093200684,2.1092190742492676,-2.8504505157470703,"[24, 16, 16, 8]",0.2,0.0001,1e-05,450,tanh,adam,15
85,0.5230515003204346,0.6182392835617065,0.587762713432312,"[24, 16, 16, 8]",0.3,0.001,0.0001,450,tanh,adam,15
86,0.5508604645729065,0.6173009872436523,0.5658454298973083,"[24, 16, 16, 8]",0.3,0.001,1e-05,450,tanh,adam,15
87,4.907676696777344,2.093134641647339,-2.867931365966797,"[24, 16, 16, 8]",0.3,0.0001,0.0001,450,tanh,adam,15
88,7.018202304840088,2.543163537979126,-4.531318664550781,"[24, 16, 16, 8]",0.3,0.0001,1e-05,450,tanh,adam,15
89,0.5556700825691223,0.6512066721916199,0.5620547533035278,"[24, 16, 16, 8]",0.2,0.001,0.0001,450,tanh,sgd,15
90,0.920491635799408,0.8248199820518494,0.2745246887207031,"[24, 16, 16, 8]",0.2,0.001,1e-05,450,tanh,sgd,15
91,0.3538614809513092,0.4764952063560486,0.7211079597473145,"[24, 16, 16, 8]",0.2,0.0001,0.0001,450,tanh,sgd,15
92,0.43431949615478516,0.5341358780860901,0.6576958894729614,"[24, 16, 16, 8]",0.2,0.0001,1e-05,450,tanh,sgd,15
93,0.7672719359397888,0.7461529970169067,0.3952831029891968,"[24, 16, 16, 8]",0.3,0.001,0.0001,450,tanh,sgd,15
94,0.6885223984718323,0.6642680764198303,0.45734864473342896,"[24, 16, 16, 8]",0.3,0.001,1e-05,450,tanh,sgd,15
95,0.42546191811561584,0.5148850083351135,0.6646769046783447,"[24, 16, 16, 8]",0.3,0.0001,0.0001,450,tanh,sgd,15
96,0.5141714215278625,0.5855842232704163,0.5947614908218384,"[24, 16, 16, 8]",0.3,0.0001,1e-05,450,tanh,sgd,15
97,0.6179487109184265,0.5648031830787659,0.512970507144928,"[32, 16, 8, 8]",0.2,0.001,0.0001,250,relu,adam,15
98,0.3301406502723694,0.4641507565975189,0.7398033142089844,"[32, 16, 8, 8]",0.2,0.001,1e-05,250,relu,adam,15
99,6.4049072265625,2.385469913482666,-4.047956943511963,"[32, 16, 8, 8]",0.2,0.0001,0.0001,250,relu,adam,15
100,6.129329681396484,2.268766164779663,-3.830763339996338,"[32, 16, 8, 8]",0.2,0.0001,1e-05,250,relu,adam,15
101,0.550021767616272,0.511685311794281,0.5665063858032227,"[32, 16, 8, 8]",0.3,0.001,0.0001,250,relu,adam,15
102,0.4881417453289032,0.4922596514225006,0.6152764558792114,"[32, 16, 8, 8]",0.3,0.001,1e-05,250,relu,adam,15
103,7.0788373947143555,2.490957498550415,-4.579107284545898,"[32, 16, 8, 8]",0.3,0.0001,0.0001,250,relu,adam,15
104,5.880946636199951,2.2198402881622314,-3.635003089904785,"[32, 16, 8, 8]",0.3,0.0001,1e-05,250,relu,adam,15
105,0.5406026244163513,0.6367262601852417,0.573930025100708,"[32, 16, 8, 8]",0.2,0.001,0.0001,250,relu,sgd,15
106,0.6064165830612183,0.7261838316917419,0.522059440612793,"[32, 16, 8, 8]",0.2,0.001,1e-05,250,relu,sgd,15
107,0.5293610692024231,0.5589867830276489,0.5827898979187012,"[32, 16, 8, 8]",0.2,0.0001,0.0001,250,relu,sgd,15
108,0.4449370205402374,0.49850472807884216,0.6493277549743652,"[32, 16, 8, 8]",0.2,0.0001,1e-05,250,relu,sgd,15
109,0.8119956254959106,0.7295688986778259,0.3600345849990845,"[32, 16, 8, 8]",0.3,0.001,0.0001,250,relu,sgd,15
110,0.6640216112136841,0.7721229791641235,0.4766587018966675,"[32, 16, 8, 8]",0.3,0.001,1e-05,250,relu,sgd,15
111,0.9421702027320862,0.854655385017395,0.2574389576911926,"[32, 16, 8, 8]",0.3,0.0001,0.0001,250,relu,sgd,15
112,0.8530911803245544,0.7671478986740112,0.32764559984207153,"[32, 16, 8, 8]",0.3,0.0001,1e-05,250,relu,sgd,15
113,0.6097544431686401,0.6641014814376831,0.5194287896156311,"[32, 16, 8, 8]",0.2,0.001,0.0001,250,tanh,adam,15
114,0.9752231240272522,0.8606763482093811,0.2313886284828186,"[32, 16, 8, 8]",0.2,0.001,1e-05,250,tanh,adam,15
115,4.597071170806885,2.044542074203491,-2.6231307983398438,"[32, 16, 8, 8]",0.2,0.0001,0.0001,250,tanh,adam,15
116,5.036450386047363,2.0906577110290527,-2.9694228172302246,"[32, 16, 8, 8]",0.2,0.0001,1e-05,250,tanh,adam,15
117,0.6971387267112732,0.7163508534431458,0.4505578279495239,"[32, 16, 8, 8]",0.3,0.001,0.0001,250,tanh,adam,15
118,0.6756057143211365,0.7034816741943359,0.4675288200378418,"[32, 16, 8, 8]",0.3,0.001,1e-05,250,tanh,adam,15
119,6.183243751525879,2.394681692123413,-3.8732552528381348,"[32, 16, 8, 8]",0.3,0.0001,0.0001,250,tanh,adam,15
120,5.318142414093018,2.238323211669922,-3.1914353370666504,"[32, 16, 8, 8]",0.3,0.0001,1e-05,250,tanh,adam,15
121,0.765567421913147,0.7592328786849976,0.39662647247314453,"[32, 16, 8, 8]",0.2,0.001,0.0001,250,tanh,sgd,15
122,0.7223914265632629,0.7296459078788757,0.43065518140792847,"[32, 16, 8, 8]",0.2,0.001,1e-05,250,tanh,sgd,15
123,0.3489219844341278,0.47653791308403015,0.7250009775161743,"[32, 16, 8, 8]",0.2,0.0001,0.0001,250,tanh,sgd,15
124,0.40503552556037903,0.48310279846191406,0.6807757019996643,"[32, 16, 8, 8]",0.2,0.0001,1e-05,250,tanh,sgd,15
125,0.7967038154602051,0.8011453747749329,0.37208670377731323,"[32, 16, 8, 8]",0.3,0.001,0.0001,250,tanh,sgd,15
126,0.7693694829940796,0.7401909828186035,0.3936299681663513,"[32, 16, 8, 8]",0.3,0.001,1e-05,250,tanh,sgd,15
127,0.4740794599056244,0.5815024971961975,0.6263594627380371,"[32, 16, 8, 8]",0.3,0.0001,0.0001,250,tanh,sgd,15
128,0.3594013750553131,0.48441368341445923,0.7167418003082275,"[32, 16, 8, 8]",0.3,0.0001,1e-05,250,tanh,sgd,15
129,0.5184645652770996,0.6433602571487427,0.591377854347229,"[32, 16, 8, 8]",0.2,0.001,0.0001,350,relu,adam,15
130,0.5465164184570312,0.5280714631080627,0.5692691206932068,"[32, 16, 8, 8]",0.2,0.001,1e-05,350,relu,adam,15
131,5.760090351104736,2.2083373069763184,-3.5397515296936035,"[32, 16, 8, 8]",0.2,0.0001,0.0001,350,relu,adam,15
132,6.243116855621338,2.3042449951171875,-3.920443534851074,"[32, 16, 8, 8]",0.2,0.0001,1e-05,350,relu,adam,15
133,0.5247658491134644,0.5977543592453003,0.5864115953445435,"[32, 16, 8, 8]",0.3,0.001,0.0001,350,relu,adam,15
134,0.3371454179286957,0.48161131143569946,0.7342825531959534,"[32, 16, 8, 8]",0.3,0.001,1e-05,350,relu,adam,15
135,6.797614574432373,2.3946189880371094,-4.357464790344238,"[32, 16, 8, 8]",0.3,0.0001,0.0001,350,relu,adam,15
136,7.609752178192139,2.519604206085205,-4.997542381286621,"[32, 16, 8, 8]",0.3,0.0001,1e-05,350,relu,adam,15
137,0.8060083389282227,0.7482135891914368,0.3647534251213074,"[32, 16, 8, 8]",0.2,0.001,0.0001,350,relu,sgd,15
138,0.37013503909111023,0.5023193359375,0.7082821130752563,"[32, 16, 8, 8]",0.2,0.001,1e-05,350,relu,sgd,15
139,0.9006081819534302,0.7540974617004395,0.2901955842971802,"[32, 16, 8, 8]",0.2,0.0001,0.0001,350,relu,sgd,15
140,0.7013539671897888,0.6214903593063354,0.447235643863678,"[32, 16, 8, 8]",0.2,0.0001,1e-05,350,relu,sgd,15
141,0.5916381478309631,0.634178102016449,0.5337069034576416,"[32, 16, 8, 8]",0.3,0.001,0.0001,350,relu,sgd,15
142,0.6446560025215149,0.6800197958946228,0.49192148447036743,"[32, 16, 8, 8]",0.3,0.001,1e-05,350,relu,sgd,15
143,0.9430379867553711,0.7543548941612244,0.256754994392395,"[32, 16, 8, 8]",0.3,0.0001,0.0001,350,relu,sgd,15
144,0.5549128651618958,0.5981184840202332,0.5626515746116638,"[32, 16, 8, 8]",0.3,0.0001,1e-05,350,relu,sgd,15
145,0.6794013381004333,0.6880583167076111,0.4645373225212097,"[32, 16, 8, 8]",0.2,0.001,0.0001,350,tanh,adam,15
146,0.6612216830253601,0.6904321908950806,0.478865385055542,"[32, 16, 8, 8]",0.2,0.001,1e-05,350,tanh,adam,15
147,4.482223033905029,1.9902197122573853,-2.5326147079467773,"[32, 16, 8, 8]",0.2,0.0001,0.0001,350,tanh,adam,15
148,5.270346641540527,2.198108673095703,-3.1537656784057617,"[32, 16, 8, 8]",0.2,0.0001,1e-05,350,tanh,adam,15
149,0.6137252449989319,0.7008786201477051,0.5162992477416992,"[32, 16, 8, 8]",0.3,0.001,0.0001,350,tanh,adam,15
150,0.5237497091293335,0.6112638115882874,0.5872124433517456,"[32, 16, 8, 8]",0.3,0.001,1e-05,350,tanh,adam,15
151,5.0370917320251465,2.1408026218414307,-2.969928503036499,"[32, 16, 8, 8]",0.3,0.0001,0.0001,350,tanh,adam,15
152,6.006371974945068,2.3223681449890137,-3.733856201171875,"[32, 16, 8, 8]",0.3,0.0001,1e-05,350,tanh,adam,15
153,0.7006934285163879,0.7278857827186584,0.44775623083114624,"[32, 16, 8, 8]",0.2,0.001,0.0001,350,tanh,sgd,15
154,0.7987567782402039,0.7422409057617188,0.3704686164855957,"[32, 16, 8, 8]",0.2,0.001,1e-05,350,tanh,sgd,15
155,0.5345396995544434,0.6147202253341675,0.5787084102630615,"[32, 16, 8, 8]",0.2,0.0001,0.0001,350,tanh,sgd,15
156,0.4723255932331085,0.5647630095481873,0.627741813659668,"[32, 16, 8, 8]",0.2,0.0001,1e-05,350,tanh,sgd,15
157,0.6609583497047424,0.676947295665741,0.4790729880332947,"[32, 16, 8, 8]",0.3,0.001,0.0001,350,tanh,sgd,15
158,0.8439992666244507,0.8015507459640503,0.33481132984161377,"[32, 16, 8, 8]",0.3,0.001,1e-05,350,tanh,sgd,15
159,0.36755409836769104,0.5503308176994324,0.7103163003921509,"[32, 16, 8, 8]",0.3,0.0001,0.0001,350,tanh,sgd,15
160,0.39423999190330505,0.48311108350753784,0.689284086227417,"[32, 16, 8, 8]",0.3,0.0001,1e-05,350,tanh,sgd,15
161,0.5210586786270142,0.5001004338264465,0.5893332958221436,"[32, 16, 8, 8]",0.2,0.001,0.0001,450,relu,adam,15
162,0.5402572751045227,0.587722659111023,0.5742021799087524,"[32, 16, 8, 8]",0.2,0.001,1e-05,450,relu,adam,15
163,5.578699588775635,2.178823947906494,-3.3967905044555664,"[32, 16, 8, 8]",0.2,0.0001,0.0001,450,relu,adam,15
164,6.505959987640381,2.3338067531585693,-4.12760066986084,"[32, 16, 8, 8]",0.2,0.0001,1e-05,450,relu,adam,15
165,0.47213640809059143,0.601002037525177,0.627890944480896,"[32, 16, 8, 8]",0.3,0.001,0.0001,450,relu,adam,15
166,0.8790854215621948,0.665352463722229,0.30715852975845337,"[32, 16, 8, 8]",0.3,0.001,1e-05,450,relu,adam,15
167,5.67743444442749,2.1394665241241455,-3.474607467651367,"[32, 16, 8, 8]",0.3,0.0001,0.0001,450,relu,adam,15
168,5.7925896644592285,2.158517599105835,-3.5653653144836426,"[32, 16, 8, 8]",0.3,0.0001,1e-05,450,relu,adam,15
169,0.47628307342529297,0.610783040523529,0.6246227622032166,"[32, 16, 8, 8]",0.2,0.001,0.0001,450,relu,sgd,15
170,0.5702933073043823,0.6764681935310364,0.5505295991897583,"[32, 16, 8, 8]",0.2,0.001,1e-05,450,relu,sgd,15
171,0.3029648959636688,0.47958803176879883,0.7612215280532837,"[32, 16, 8, 8]",0.2,0.0001,0.0001,450,relu,sgd,15
172,0.6909995675086975,0.599858820438385,0.45539629459381104,"[32, 16, 8, 8]",0.2,0.0001,1e-05,450,relu,sgd,15
173,0.6923158764839172,0.7831727266311646,0.45435887575149536,"[32, 16, 8, 8]",0.3,0.001,0.0001,450,relu,sgd,15
174,0.6654427647590637,0.7427436113357544,0.4755386710166931,"[32, 16, 8, 8]",0.3,0.001,1e-05,450,relu,sgd,15
175,0.794569194316864,0.8260486721992493,0.37376904487609863,"[32, 16, 8, 8]",0.3,0.0001,0.0001,450,relu,sgd,15
176,0.8846004605293274,0.7355074882507324,0.3028119206428528,"[32, 16, 8, 8]",0.3,0.0001,1e-05,450,relu,sgd,15
177,0.7685088515281677,0.7778816223144531,0.3943082094192505,"[32, 16, 8, 8]",0.2,0.001,0.0001,450,tanh,adam,15
178,0.4895792603492737,0.6101048588752747,0.6141434907913208,"[32, 16, 8, 8]",0.2,0.001,1e-05,450,tanh,adam,15
179,4.5951924324035645,2.038818597793579,-2.621650218963623,"[32, 16, 8, 8]",0.2,0.0001,0.0001,450,tanh,adam,15
180,4.877361297607422,2.1298813819885254,-2.844038486480713,"[32, 16, 8, 8]",0.2,0.0001,1e-05,450,tanh,adam,15
181,0.5547534227371216,0.6541385650634766,0.5627772212028503,"[32, 16, 8, 8]",0.3,0.001,0.0001,450,tanh,adam,15
182,0.6385259628295898,0.7078760862350464,0.4967527985572815,"[32, 16, 8, 8]",0.3,0.001,1e-05,450,tanh,adam,15
183,6.556179523468018,2.442444086074829,-4.16718053817749,"[32, 16, 8, 8]",0.3,0.0001,0.0001,450,tanh,adam,15
184,6.99235200881958,2.553903341293335,-4.5109453201293945,"[32, 16, 8, 8]",0.3,0.0001,1e-05,450,tanh,adam,15
185,0.7681020498275757,0.7433659434318542,0.3946288824081421,"[32, 16, 8, 8]",0.2,0.001,0.0001,450,tanh,sgd,15
186,0.9588226675987244,0.7818876504898071,0.24431449174880981,"[32, 16, 8, 8]",0.2,0.001,1e-05,450,tanh,sgd,15
187,0.5491964817047119,0.6348190307617188,0.5671568512916565,"[32, 16, 8, 8]",0.2,0.0001,0.0001,450,tanh,sgd,15
188,0.42387232184410095,0.5569245219230652,0.6659296751022339,"[32, 16, 8, 8]",0.2,0.0001,1e-05,450,tanh,sgd,15
189,0.6962552070617676,0.7211777567863464,0.45125412940979004,"[32, 16, 8, 8]",0.3,0.001,0.0001,450,tanh,sgd,15
190,0.7190084457397461,0.707862913608551,0.43332141637802124,"[32, 16, 8, 8]",0.3,0.001,1e-05,450,tanh,sgd,15
191,0.5314847826957703,0.6074113845825195,0.5811160802841187,"[32, 16, 8, 8]",0.3,0.0001,0.0001,450,tanh,sgd,15
192,0.4640752971172333,0.600317656993866,0.6342442035675049,"[32, 16, 8, 8]",0.3,0.0001,1e-05,450,tanh,sgd,15
193,0.6814560890197754,0.6550173163414001,0.46291792392730713,"[16, 16, 8, 8]",0.2,0.001,0.0001,250,relu,adam,15
194,0.4918813109397888,0.49814319610595703,0.6123291850090027,"[16, 16, 8, 8]",0.2,0.001,1e-05,250,relu,adam,15
195,5.179219722747803,2.0172226428985596,-3.0819449424743652,"[16, 16, 8, 8]",0.2,0.0001,0.0001,250,relu,adam,15
196,7.043097496032715,2.4743080139160156,-4.550939559936523,"[16, 16, 8, 8]",0.2,0.0001,1e-05,250,relu,adam,15
197,0.4913748800754547,0.5688280463218689,0.6127283573150635,"[16, 16, 8, 8]",0.3,0.001,0.0001,250,relu,adam,15
198,0.563360869884491,0.605330765247345,0.5559933185577393,"[16, 16, 8, 8]",0.3,0.001,1e-05,250,relu,adam,15
199,6.915846824645996,2.400226354598999,-4.450648307800293,"[16, 16, 8, 8]",0.3,0.0001,0.0001,250,relu,adam,15
200,9.33446216583252,2.8865411281585693,-6.356853008270264,"[16, 16, 8, 8]",0.3,0.0001,1e-05,250,relu,adam,15
201,0.5545741319656372,0.6645094752311707,0.5629185438156128,"[16, 16, 8, 8]",0.2,0.001,0.0001,250,relu,sgd,15
202,0.5854935050010681,0.658547043800354,0.5385497808456421,"[16, 16, 8, 8]",0.2,0.001,1e-05,250,relu,sgd,15
203,0.8170968294143677,0.6995063424110413,0.3560141324996948,"[16, 16, 8, 8]",0.2,0.0001,0.0001,250,relu,sgd,15
204,0.7305291891098022,0.6714924573898315,0.42424148321151733,"[16, 16, 8, 8]",0.2,0.0001,1e-05,250,relu,sgd,15
205,0.6050952076911926,0.725694477558136,0.5231009125709534,"[16, 16, 8, 8]",0.3,0.001,0.0001,250,relu,sgd,15
206,0.814318835735321,0.7708571553230286,0.35820358991622925,"[16, 16, 8, 8]",0.3,0.001,1e-05,250,relu,sgd,15
207,0.9679417014122009,0.7871364951133728,0.237127423286438,"[16, 16, 8, 8]",0.3,0.0001,0.0001,250,relu,sgd,15
208,0.8116947412490845,0.7676525115966797,0.36027175188064575,"[16, 16, 8, 8]",0.3,0.0001,1e-05,250,relu,sgd,15
209,0.8165378570556641,0.7801135182380676,0.35645467042922974,"[16, 16, 8, 8]",0.2,0.001,0.0001,250,tanh,adam,15
210,0.6938859820365906,0.6883152723312378,0.4531214237213135,"[16, 16, 8, 8]",0.2,0.001,1e-05,250,tanh,adam,15
211,5.520733833312988,2.2360832691192627,-3.3511056900024414,"[16, 16, 8, 8]",0.2,0.0001,0.0001,250,tanh,adam,15
212,7.149161338806152,2.601013660430908,-4.634532451629639,"[16, 16, 8, 8]",0.2,0.0001,1e-05,250,tanh,adam,15
213,0.49291470646858215,0.6144303679466248,0.611514687538147,"[16, 16, 8, 8]",0.3,0.001,0.0001,250,tanh,adam,15
214,0.5848770141601562,0.6614953279495239,0.5390356779098511,"[16, 16, 8, 8]",0.3,0.001,1e-05,250,tanh,adam,15
215,4.970968723297119,2.113071918487549,-2.917814016342163,"[16, 16, 8, 8]",0.3,0.0001,0.0001,250,tanh,adam,15
216,4.910702228546143,2.0991711616516113,-2.8703157901763916,"[16, 16, 8, 8]",0.3,0.0001,1e-05,250,tanh,adam,15
217,0.8058711886405945,0.7447553277015686,0.36486148834228516,"[16, 16, 8, 8]",0.2,0.001,0.0001,250,tanh,sgd,15
218,0.6042479276657104,0.6366540193557739,0.5237686634063721,"[16, 16, 8, 8]",0.2,0.001,1e-05,250,tanh,sgd,15
219,0.3908650875091553,0.5211805105209351,0.6919440031051636,"[16, 16, 8, 8]",0.2,0.0001,0.0001,250,tanh,sgd,15
220,0.4170745015144348,0.5551043748855591,0.6712872982025146,"[16, 16, 8, 8]",0.2,0.0001,1e-05,250,tanh,sgd,15
221,0.4961394965648651,0.5759506225585938,0.6089731454849243,"[16, 16, 8, 8]",0.3,0.001,0.0001,250,tanh,sgd,15
222,0.7481606602668762,0.6846396327018738,0.4103454351425171,"[16, 16, 8, 8]",0.3,0.001,1e-05,250,tanh,sgd,15
223,0.43242713809013367,0.5182003378868103,0.6591873168945312,"[16, 16, 8, 8]",0.3,0.0001,0.0001,250,tanh,sgd,15
224,0.4341113567352295,0.5206194519996643,0.6578599214553833,"[16, 16, 8, 8]",0.3,0.0001,1e-05,250,tanh,sgd,15
225,0.7994981408119202,0.6872385740280151,0.3698843717575073,"[16, 16, 8, 8]",0.2,0.001,0.0001,350,relu,adam,15
226,0.5854521989822388,0.5175154805183411,0.5385823249816895,"[16, 16, 8, 8]",0.2,0.001,1e-05,350,relu,adam,15
227,7.265536785125732,2.5301852226257324,-4.726252555847168,"[16, 16, 8, 8]",0.2,0.0001,0.0001,350,relu,adam,15
228,6.174969673156738,2.3138394355773926,-3.866734504699707,"[16, 16, 8, 8]",0.2,0.0001,1e-05,350,relu,adam,15
229,0.6772844195365906,0.6037187576293945,0.4662057161331177,"[16, 16, 8, 8]",0.3,0.001,0.0001,350,relu,adam,15
230,0.5425659418106079,0.6071648001670837,0.5723826289176941,"[16, 16, 8, 8]",0.3,0.001,1e-05,350,relu,adam,15
231,7.035404205322266,2.4404349327087402,-4.5448760986328125,"[16, 16, 8, 8]",0.3,0.0001,0.0001,350,relu,adam,15
232,5.864976406097412,2.1922881603240967,-3.6224164962768555,"[16, 16, 8, 8]",0.3,0.0001,1e-05,350,relu,adam,15
233,0.6787428259849548,0.6715995073318481,0.4650563597679138,"[16, 16, 8, 8]",0.2,0.001,0.0001,350,relu,sgd,15
234,0.4729762077331543,0.6565518379211426,0.6272289752960205,"[16, 16, 8, 8]",0.2,0.001,1e-05,350,relu,sgd,15
235,0.3530706465244293,0.5034813284873962,0.7217313051223755,"[16, 16, 8, 8]",0.2,0.0001,0.0001,350,relu,sgd,15
236,0.41707977652549744,0.5132890939712524,0.6712831258773804,"[16, 16, 8, 8]",0.2,0.0001,1e-05,350,relu,sgd,15
237,0.7688847184181213,0.7886204123497009,0.3940119743347168,"[16, 16, 8, 8]",0.3,0.001,0.0001,350,relu,sgd,15
238,0.7850092649459839,0.8089216947555542,0.381303608417511,"[16, 16, 8, 8]",0.3,0.001,1e-05,350,relu,sgd,15
239,0.8127068877220154,0.7658268809318542,0.3594740629196167,"[16, 16, 8, 8]",0.3,0.0001,0.0001,350,relu,sgd,15
240,0.6605272889137268,0.6251000761985779,0.47941267490386963,"[16, 16, 8, 8]",0.3,0.0001,1e-05,350,relu,sgd,15
241,0.6716908812522888,0.714570939540863,0.4706142544746399,"[16, 16, 8, 8]",0.2,0.001,0.0001,350,tanh,adam,15
242,0.5219421982765198,0.6331672668457031,0.5886369943618774,"[16, 16, 8, 8]",0.2,0.001,1e-05,350,tanh,adam,15
243,5.3492255210876465,2.1960952281951904,-3.215933322906494,"[16, 16, 8, 8]",0.2,0.0001,0.0001,350,tanh,adam,15
244,5.904820919036865,2.2618844509124756,-3.6538195610046387,"[16, 16, 8, 8]",0.2,0.0001,1e-05,350,tanh,adam,15
245,0.6510977745056152,0.7039176225662231,0.4868444800376892,"[16, 16, 8, 8]",0.3,0.001,0.0001,350,tanh,adam,15
246,0.6056116819381714,0.6483011245727539,0.5226938724517822,"[16, 16, 8, 8]",0.3,0.001,1e-05,350,tanh,adam,15
247,5.211528778076172,2.129502296447754,-3.1074090003967285,"[16, 16, 8, 8]",0.3,0.0001,0.0001,350,tanh,adam,15
248,4.945937156677246,2.0864861011505127,-2.898085594177246,"[16, 16, 8, 8]",0.3,0.0001,1e-05,350,tanh,adam,15
249,0.7852218747138977,0.6990370154380798,0.38113605976104736,"[16, 16, 8, 8]",0.2,0.001,0.0001,350,tanh,sgd,15
250,0.9131461381912231,0.8215526938438416,0.2803139090538025,"[16, 16, 8, 8]",0.2,0.001,1e-05,350,tanh,sgd,15
251,0.5361902117729187,0.5849527716636658,0.5774075984954834,"[16, 16, 8, 8]",0.2,0.0001,0.0001,350,tanh,sgd,15
252,0.3994863033294678,0.513217031955719,0.6851493120193481,"[16, 16, 8, 8]",0.2,0.0001,1e-05,350,tanh,sgd,15
253,0.7705428004264832,0.7062699198722839,0.39270514249801636,"[16, 16, 8, 8]",0.3,0.001,0.0001,350,tanh,sgd,15
254,0.9000310897827148,0.7848204374313354,0.2906504273414612,"[16, 16, 8, 8]",0.3,0.001,1e-05,350,tanh,sgd,15
255,0.31243225932121277,0.4577971398830414,0.7537599802017212,"[16, 16, 8, 8]",0.3,0.0001,0.0001,350,tanh,sgd,15
256,0.550166666507721,0.6562679409980774,0.566392183303833,"[16, 16, 8, 8]",0.3,0.0001,1e-05,350,tanh,sgd,15
257,0.5260729789733887,0.6162024736404419,0.5853813886642456,"[16, 16, 8, 8]",0.2,0.001,0.0001,450,relu,adam,15
258,0.5187715888023376,0.5891498327255249,0.5911358594894409,"[16, 16, 8, 8]",0.2,0.001,1e-05,450,relu,adam,15
259,6.647647857666016,2.4037458896636963,-4.239270210266113,"[16, 16, 8, 8]",0.2,0.0001,0.0001,450,relu,adam,15
260,5.071810722351074,2.0337817668914795,-2.9972915649414062,"[16, 16, 8, 8]",0.2,0.0001,1e-05,450,relu,adam,15
261,0.5797215700149536,0.4971107840538025,0.5430988073348999,"[16, 16, 8, 8]",0.3,0.001,0.0001,450,relu,adam,15
262,0.24700592458248138,0.4097867012023926,0.8053250312805176,"[16, 16, 8, 8]",0.3,0.001,1e-05,450,relu,adam,15
263,5.199278354644775,1.9890128374099731,-3.0977535247802734,"[16, 16, 8, 8]",0.3,0.0001,0.0001,450,relu,adam,15
264,6.423286437988281,2.3409159183502197,-4.062442302703857,"[16, 16, 8, 8]",0.3,0.0001,1e-05,450,relu,adam,15
265,0.5619879364967346,0.6864038705825806,0.5570753812789917,"[16, 16, 8, 8]",0.2,0.001,0.0001,450,relu,sgd,15
266,0.584765613079071,0.6831516623497009,0.5391234159469604,"[16, 16, 8, 8]",0.2,0.001,1e-05,450,relu,sgd,15
267,0.4819490313529968,0.5827711820602417,0.6201571822166443,"[16, 16, 8, 8]",0.2,0.0001,0.0001,450,relu,sgd,15
268,0.6186063885688782,0.6937173008918762,0.512452244758606,"[16, 16, 8, 8]",0.2,0.0001,1e-05,450,relu,sgd,15
269,0.7619288563728333,0.8243661522865295,0.3994941711425781,"[16, 16, 8, 8]",0.3,0.001,0.0001,450,relu,sgd,15
270,0.643100917339325,0.7608657479286194,0.493147075176239,"[16, 16, 8, 8]",0.3,0.001,1e-05,450,relu,sgd,15
271,1.252947211265564,0.9142650961875916,0.012503445148468018,"[16, 16, 8, 8]",0.3,0.0001,0.0001,450,relu,sgd,15
272,0.3507428765296936,0.4696462154388428,0.7235658764839172,"[16, 16, 8, 8]",0.3,0.0001,1e-05,450,relu,sgd,15
273,0.8543335199356079,0.8312278985977173,0.3266664743423462,"[16, 16, 8, 8]",0.2,0.001,0.0001,450,tanh,adam,15
274,0.8090803027153015,0.8005545735359192,0.362332284450531,"[16, 16, 8, 8]",0.2,0.001,1e-05,450,tanh,adam,15
275,4.731632709503174,2.086934804916382,-2.729184150695801,"[16, 16, 8, 8]",0.2,0.0001,0.0001,450,tanh,adam,15
276,5.862064838409424,2.2942728996276855,-3.620121955871582,"[16, 16, 8, 8]",0.2,0.0001,1e-05,450,tanh,adam,15
277,0.6439450979232788,0.7045775651931763,0.4924817681312561,"[16, 16, 8, 8]",0.3,0.001,0.0001,450,tanh,adam,15
278,0.7145851850509644,0.7521300315856934,0.4368075728416443,"[16, 16, 8, 8]",0.3,0.001,1e-05,450,tanh,adam,15
279,6.192809104919434,2.402019500732422,-3.880794048309326,"[16, 16, 8, 8]",0.3,0.0001,0.0001,450,tanh,adam,15
280,4.957289218902588,2.105722665786743,-2.9070327281951904,"[16, 16, 8, 8]",0.3,0.0001,1e-05,450,tanh,adam,15
281,0.6570720076560974,0.6757513284683228,0.48213595151901245,"[16, 16, 8, 8]",0.2,0.001,0.0001,450,tanh,sgd,15
282,0.9748782515525818,0.8479857444763184,0.23166048526763916,"[16, 16, 8, 8]",0.2,0.001,1e-05,450,tanh,sgd,15
283,0.33935022354125977,0.4857126772403717,0.7325448989868164,"[16, 16, 8, 8]",0.2,0.0001,0.0001,450,tanh,sgd,15
284,0.49886175990104675,0.5641953349113464,0.6068276166915894,"[16, 16, 8, 8]",0.2,0.0001,1e-05,450,tanh,sgd,15
285,0.6406995058059692,0.6902788281440735,0.49503976106643677,"[16, 16, 8, 8]",0.3,0.001,0.0001,450,tanh,sgd,15
286,0.5776532888412476,0.6172934174537659,0.5447289347648621,"[16, 16, 8, 8]",0.3,0.001,1e-05,450,tanh,sgd,15
287,0.43549373745918274,0.5745221972465515,0.6567704081535339,"[16, 16, 8, 8]",0.3,0.0001,0.0001,450,tanh,sgd,15
288,0.4454655647277832,0.5505890846252441,0.6489112377166748,"[16, 16, 8, 8]",0.3,0.0001,1e-05,450,tanh,sgd,15
